raden putra sangat kejut lihat ayam jago sayang seok kabur dari medan tarung,terkejut
pada suatu hari istri pangeran sarif rasa takut sekali tinggal sendiri di rumah sebab saat itu dia sedang hamil muda,takut
jafar sidik peranjat ketika pulang dari iadang dan dapat empat anak lelaki menang,terkejut
tigran pun pulang dengan sedih,sedih
namun mata titik air mata tanda bahwa ia amat sesal,sedih
anjing gunung itu perhati tingkah laku domba kecil itu dengan sangat marah,marah
dia kecewa karena nyata bukan gadis impi yang akan nikah,sedih
pasang kasih itu tak henti ucap syukur pada jubata dan dua hidup bahagia sampai masa tua mereka,senang
ia peluk dan cium putri puas sambil menang,sedih
dari sela jari putri yang masih tutup muka alir darah segar dengan panik mereka usaha henti,takut
ia menang karena lapar dan tidak dapat air susu baik dari air susu maupun air susu unta yang bawa oleh suami sehingga kami tidak dapat muas dahaga,sedih
betapa sedih hati ikot rinding dengar cerita itu,sedih
baginda jadi murka dengar jelas tabib istana ia segera perintah patih untuk buang permaisuri ke hutan dan bunuh,marah
burung itu sangat senang cari makan di sungai yang jernih itu karena ikan sangat limpah sana sang kuntul tidak pernah pergi ke sungai lain untuk cari makan karena makan di sungai itu sangat limpah,senang
dua rasa iri dengan anjing yang milik sang raja,marah
bagai jenis burung dan serangga hidup dengan riang,senang
sekarang sang raja dengan marah kata kepada putri,marah
ibu sangat luka dengar ucap putri,sedih
amat besar murka prabu kertamarta ketika tahu cerita yang benar,marah
apa yang kau laku tiap hari hanya tari kini telah kau sadar akan butuh hidup kau minta kepada kami enak sekali hidup itu kata sang semut sambil pasang wajah marah,marah
siapa di antara kalian yang akan meni dengan pangeran itu akan buat ibu sangat bahagia keluarga kita akan jadi pandang ujar ibu tiri tengah dua anak,senang
serigala sangat senang dapat mangsa yang lezat,senang
semua binatang yang ada di sana hanya diam mereka sangat takut tidak ada satu orang pun yang berani jawab,takut
ketika ia hendak keluar kasim lupa mantra untuk buka pintu ia teriak apa saja dan mulai takut,takut
kalau begitu sebentar lagi akan ada pesta besar donk asyiiiiik seru dayang,senang
dengar hasut dari selir nya raden putra sangat murka,marah
wanita itu marah mereka ubah jadi babi hutan dan serang pak raje,marah
sejak saat itu timun mas dapat hidup tenang sama orang tua mereka dapat hidup bahagia tanpa takut lagi,senang
aku akan laku itu lain kali bu jawab jack takut,takut
namun batu batangkup sangat marah kalian anak yang tidak tahu di untung kalian hanya anak nakal yang bisa cuma main dan main sekarang sesal kalian tidak aka nada guna kata batu batangkup dengan nada tinggi,marah
dewa indra pun marah kau harus lepas dulu roh dari badan belum pergi ke surga kata dewa indra,marah
dengar kata suami itu sang istri pun sesal,sedih
karena sangat marah dan kecewa raja perintah awal untuk beri hukum mati kepada anak sendiri,marah
ia sembunyi di dalam lemari,takut
dia kejut lihat ekor domba kecil tinggal dari kawan,terkejut
ia sangat gembira dan langsung masuk ikan sebut ke dalam keranjang ikan ia pun segera gegas pulang rumah dan bayang makan ikan yang lezat,senang
kemudian ketika abrahahh lewat kota taif hadap kepada beberapa orang tokoh tempat dan mereka tampak gemetar takut,takut
mananamakrdi sangat geram dengan cepat ia keluar dari sembunyi dan tangkap makhluk itu,marah
gadis itu menang mohon ampun kepada ibu,sedih
anteh yang takut usaha lari diri,takut
panglima wire tepuk pundak caadara ayah benar bangga pada kelak kau akan jadi panglima perang yang hebat,senang
tidak pernah ada duduk desa nyak yang berani pasuk hutan,takut
malin kundang sembunyi di ruang kecil yang tutup tumpu kayu,takut
mereka makin takut ketika lihat badan putri cara perlahan mulai tumbuh sisik seperti ular,takut
buaya kesal samar tahu ya aku akan makan kata buaya,marah
suatu hari pangeran aji lesmana marah pada ayah bunda ayah dan ibu jahat mengapa susah orang miskin,marah
jack takut dan putus untuk kerja,takut
jadi wanita tua bau dekil ini adalah ibu kamu malin,jijik
wedana dan para awal kaget sekali,terkejut
rakyat kecil itu makin sedih ketika dengar bahwa jampang telah dapat hukum mati di betawi,sedih
ekor induk pipit yang sedang beri makan kepada anak kejut,terkejut
la sedih sekali tahu burung kecil telah makan nenek,sedih
makin luka hati ibu dengar,sedih
ibu katak dengar suara yang buat takut,takut
tiga babi sebut sangat senang karena bebas dari serigala yang takut sebut,senang
betapa kejut mereka nyata kotak itu penuh isi uang emas perak dan hias yang sangat indah,terkejut
sang raja rasa gundah karena negeri tetangga sangat kuat,sedih
para tentara abrahah kembali dalam ada binasa di mana daging dari tubuh mereka cecer di jalan,jijik
hei jangan ganggu aku wajah yang keri buat takut seru,takut
ketika rubah itu rasa aman dia jalan dengan wajah lihat gembira,senang
suatu hari di buah raja hidup orang raja yang sangat senang dengan pakai baju baru,senang
putri endahwarni turun dari kereta dan langsung menang peluk anteh,sedih
makin jauh tubuh ibu mereka makin kerns tangis empat anak itu,sedih
istri marah sekali atas bodoh suami,marah
tiba putri yang cantik seret ke dalam lumpur,terkejut
nenek sangat marah dengar aku si burung pipit,marah
bagi tonton yang jago ayam jago cindelaras sorak sorai gembira,senang
haha dasar cinderella bodoh kau tinggal di rumah lama kami pergi sih semua ruang cuci piring dan baju dan kamu sangat jelek,jijik
hu hu tak orang pun suka bintang benar matahari lebih hebat dari bulan menang sedih,sedih
putri muda kemudian lari jauh dari dan sembunyi di dalam hutan yang tidak jauh dari rumah agar tidak dapat pukul lagi,takut
takut kepada allah swt tidak akan muncul kecuali dasar ilmu,takut
timbul dendam di hati pada anteh,marah
saya menang karena bola emas saya gelincir dan jatuh dalam sumur,sedih
hasil panen selalu limpah ruah mereka tidak pernah hidup kurang,senang
tuhan lebih baik kau hukum aku hilang aku dari dunia ini aku tidak sanggup temu dua orang tua lagi ratap putri,sedih
semua binatang di situ kesal sekaligus geli lihat tingkah ulat bulu,senang
oleh karena itu maka si ayah jadi sangat marah ketika lihat nasi yang beri kepada adalah sisa,marah
mereka pura tuju walaupun dalam hati mereka marah dan mulai cari akal bagaimana rebut tahta dari purbasari,marah
caadara dengan senang hati penuh minta duduk desa itu malam itu mereka pesta namun tetap waspada,senang
hai perempuan jelek jangan naik ke kapal ini pergi dari sini usir orang anak buah kapal si lancang,jijik
gagak marah dengar ejek rubah la keluar suara keras kaak,marah
kakek senang sekali bisa temu suzume,senang
dia tepesona dengar suara yang begitu merdu,senang
aku orang itu karena telah jahit mayat yang potong,jijik
towjatuwa bahagia sekali ia peluk istri dan gendong bayi dengan mesra tak lupa ia terima kasih pada watuwe,senang
telah dua duduk di atas batu kuyung mereka pun dendang lagu sedih,sedih
raja sangat pesona lihat indah rumah jhi ge phu dan putus untuk singgah,senang
ibu kandung cis bukan ia bukan ibu ia hanya orang emis tua renta yang aku aku bagai anak karena tahu aku ini orang yang kaya raya,jijik
rakyat pun hidup damai di bawah pimpin raja yang bijaksana,senang
tanpa sadar salah satu baju ibu hanyut bawa arus sungai,terkejut
dengan hati senang pak inda lalu kembali ke rumah,senang
dengar rayu sang anjing yang begitu buat senang sang burung bangau sang burung bangau kini lupa akan rasa curiga dan ikan besar yang pegang oleh mulut,senang
ia menang dan jerit tapi tak orang pun dengar,sedih
saat ia hendak bangun singa itu telah ada di depan androcles tutup wajah takut,takut
upacara nikah safia dan pangeran lama hari malan akhir safia dan suami hidup bahagia lama,senang
jampang sedih lalu dia tanya di mana si abdih,sedih
mereka percaya siapa pun juga yang nekat pasuk hutan itu akan akhir dengan mati karena mangsa makhluk gaib yang seram itu,takut
ia langsung kejut karena di dalam isi intan permata dan berlian sangat banyak,terkejut
tikus jantan yang takut paksa turut aja tulap si raksasa,takut
dalam hitung detik ketika bentuk laut lumpur yang didih raksasa jebak di dalam ia tenggelam dalam lumpur panas itu dan akhir mati,terkejut
ayah putri rosebud dan para besar istana tertawa lihat hidung pangeran andre,senang
mereka tunggang langgang lari diri dan tidak berani muncul kembali,takut
monster kecil kejar monster yang lebih besar canda dengan riang,senang
tiba suri lari ke arah mereka tubuh penuh luka,terkejut
bulan rasa senang lalu kata kepada bintang lihat teman mereka kagum,senang
raja amat heran ketika lihat mista si jaga kuda sedang suap si hitam,terkejut
ratu cik sima tak kuasa tahan sesal dan sedih atas hilang putri,sedih
sambil menang anak itu lari pulang temu ibu di rumah,sedih
mereka tinggal di buah desa di dekat hutan mereka hidup bahagia,senang
dua anak itu benar gembira dapat diri mereka ada di tinggi yang buat dua dapat pandang daerah yang luas,senang
candra kirana tinggal istana dengan hati luka,sedih
oh tidak jawab tidak ada raksasa hanya kodok jelek,jijik
dengan hati sedih wanita tua itu pulang ke gubuk di panjang jalan dia menang,sedih
li hung terperajat namun ia sadar salah,terkejut
androcles takut sekali dengar suara binatang buas itu,takut
tambah bahwa guruminda tampak muram durja,sedih
tikus yang marah itu makin marah karena tikus yang sedang makan tidak saut atau ungkap patah kata dan bahkan dia kirau diri,marah
lihat anak yang beda ibu itik heran,terkejut
mang bongsu cengang ketika ular sebut ubah wujud jadi orang pemuda yang gagah dan tampan,terkejut
aku akan nama narrowa apakah kau tuju istri tanya towjatuwa sambil toleh pada istri dengan senyum istri angguk tuju,senang
sang istri dengan gembira larut dalam ramai di situ,senang
sihir marah dengar lelucon raja dan kutuk raja suatu saat kau akan punya anak yang hidung besar,marah
dan aku jatuh cinta pada aku ingin dia yang jadi istri,senang
kakak yang sangat jahat panggil cinderella yang arti gadis yang sangat kotor turut mereka itu adalah panggil yang cocok untuk cinderella,jijik
sejak saat itu obi kerbau marah sekali bila lihat kain merah,marah
sambil menang elonen pergi dari rumah,sedih
raksasa lagi hampir tangkap timun mas sangat takut,takut
orang tua akim yang tiba esok hari kejut dapat rumah mereka masih kunci dan anak mereka hilang entah mana,terkejut
namun alangkah kejut si nenek ketika sampai di rumah dia lihat bebagai hidang saji di meja makan,terkejut
raden budog bangun dan kejut karena di hadap diri orang gadis yang sangat cantik,terkejut
sementara sang putri sangat kesal karena telah dua kali ceplos,marah
mereka kemudian meni dan hidup bahagia,senang
aku akan hilang satu teman yang milik aku sedih sekali,sedih
ulat bulu takut dan jawab aku hanya ekor ulat bulu kok hehehe,takut
si raksasa amat peranjat dan usaha lari diri,terkejut
raja gajah pun pikir jika bulu sangat besar dan tajam seperti ini bagaimana dengan badan hati ketika jadi gelisah,takut
suatu hari dia tiba di pinggir laut saat dia sedang renung nasib dia kejut oleh suara rebut dan tangis orang gadis,terkejut
dengar kata putra itu sunan ambu kejut,terkejut
ayah tertawa sambil peluk manuella dengan penuh kasih sayang,senang
ini adalah sempat si nenek untuk lampias marah maka keluar caci dari mulut nenek,marah
munculah makhluk raksasa jaga sungai yang wujud kepiting raksasa nama yuyu kangkang,terkejut
tanpa pikir panjang towjatuwa segera ambil langkah ribu,takut
jika ia bisa jatuh badak dan hancur gajah aku pasti dengan mudah bunuh pikir kelinci,takut
putri bisu yang juga dengar cerita bulbul sangat kecewa karena mereka lupa peran jadgji,sedih
mereka bawa kain yang indah manuella sangat gembira,senang
tiba pintu rumah buka tampak mayangsari makin marah,marah
kaisar dan semua orang kagum oleh cerdas putra mahkota,terkejut
akhir ada binatang betina yang masuk perangkap kata setan sambil tertawa,senang
mbok sirni takut tubuh gigil ia ingin lari hindar dari terkam raksasa itu,takut
bujang kelana akan tantang pendekar katung untuk sabung ayam,marah
kepiting benar geram dengar cerita ayam ia tak rela sahabat laku seperti itu,marah
semangat tarung ayam jago cindelaras sangat besar,senang
raja dan permaisuri kejut lihat jadi itu,terkejut
bahkan duduk desa ada pesta untuk raya menang caadara,senang
istri alibaba sangat kejut lihat barang yang bawa alibaba,terkejut
sambil senyum gembira mata pancing dia lepas dari mulut ikan itu,senang
dalam waktu singkat mah bongsu jadi gadis kaya raya duduk sekitar rasa heran dengan kekayaaan mah bongsu,terkejut
dari kepala istri ia lihat asap yang muncul dan kemudian ikut dengan keluar ekor lipan warna putih,jijik
cinderella sangat semangat dengan undang pesta itu,senang
namun ia kejut saat buka bungkus sebut isi hanya sisa makan yang jijik,jijik
lihat anjing yang lari jauh ia rasa makin sedih karena anjing pun takut lihat,sedih
alibaba dan istri sangat kejut belum alibaba tanya,terkejut
bulan diam ia sangat kesal,marah
tiba muncul ekor ular yang sangat besar di tempat sang kakek mula ada,terkejut
saat padishah lihat wanita yang sangat cantik jelita itu dia langsung jatuh cinta dan tuju untuk nikah,senang
si bungsu menang sedu,sedih
dari tiap kata yang kamu ucap dari mulut akan keluar ekor ular atau ekor katak,jijik
alibaba bawa tubuh kasim ke tukang sepatu untuk jahit kembali seperti mula,jijik
ekor kodok yang julur kepala besar yang jelek keluar dari air,jijik
tarung tak elak senjata dua belah pihak saling adu suasana sungguh cekam,takut
ia amat kaget karena bukan ular dandaung yang baring di sisi lain orang muda tampan,terkejut
tigran renung nasib la takut tidak bisa jawab tanya sang monster,takut
singa dan beruang sangat sedih,sedih
lama semua binatang kumpul di depan sarang kelinci mereka semua takut,takut
tiba muncul orang kurcaci di hadap,terkejut
ibu menang tapi kemudian kata tuhan akan tolong nak mati dan hidup manusia ada di tangan tuhan,sedih
tonton sorak riang dan tepuk tangan dari semua tonton,senang
semua sambut gembira aja si pemuda,senang
isterinya kaget dengan pucat wajah beliau yang mulia dan gemetar tubuh,terkejut
tuan milik androcles kagum dengar cerita itu,senang
ibu jalan di belakang bawa keranjang belanja pakai sangat dekil layak bantu,jijik
putri sangat kejut lihat ada ayah ia lalu segera temu si sumpit untuk minta tolong,terkejut
tindak mereka dan pasuk yang tindak semena-mena buat rakyat sangat takut,takut
aduhh anjing nakal kau makan semua singkong rebus teriak si lebai kesal,marah
telah tunggu beberapa lama tiba pancing gerak asyik umpan kena teriak girang,senang
ayah dan ibu timun mas senang sekali lihat timun mas selamat,senang
pagi saat androcles bangun ia kaget lihat singa bawa bangkai rusa hasil buru,terkejut
aku sangat senang dan gembira,senang
dari jauh dia lihat sang angsa renang dengan senang dan sang cayman serang nya sambil selam,senang
anteh mundur dengan takut,takut
ketika paga tengah sibuk siap lahan garap di hutan angker warga desa kejut dengan ada berita heboh,terkejut
mata belalak ketika ia lihat kulomang telah nanti si situ,terkejut
baik kini waktu aku pulang kata anak muda itu la pun iangsung hilang,terkejut
kambing itu tidak lihat sesal dengan buat malah dia coba lepas diri dari pasak itu dengan tarik pasak itu,sedih
pak inda sangat gembira ketika metihat bubu sangat banyak ikan yang jebak di dalam bubu,senang
dengar tanya itu domia kejut,terkejut
rakyat hutan belantara sangat senang dengar kabar sebut hidup di dalam hutan belantara pun jadi kembali tentram seperti mula,senang
betapa peranjat ia ketika hasil ambil kain yang tak lain selendang itu,terkejut
abrahah pun dapat luka dan mereka keluar dari tempat itu dalam ada daging pisah satu satu,jijik
tani mulai takut hilang istri,takut
alangkah kejut ia ketika lihat ekor buaya yang sangat besar sedang pandang diri,terkejut
simpleton terima kasih dan laku apa yang kata manusia kerdil,senang
dia pun menang panjang jalan tumpah kesal dan jengkel,sedih
begitu terus ulang hingga dimun dan meterei jadi sangat jengkel serta marah,marah
dan rasa takut itu kini hinggap seluruh pasu,takut
duduk yang selenggara pesta rakyat lari dengan panik sambil jerit takut,takut
padishah jadi kejut tetapi karena tuju padishah sendiri bukan istana itu lain untuk pisah anak nelayan dengan wanita yang idam,terkejut
namun hati yang besar penuh dengan sedih yang lebih hebat dari sedih kakek ibrahim,sedih
permaisuri tidak henti menang lihat anak harus hidup orang diri di luar sana,sedih
dia mulai senandung dengan gembira,senang
raja senyum senang dan angguk,senang
ketika saudara tiri cinderella lihat pita dan manik lama mereka pada gaun cinderella mereka jadi marah,marah
tinggal para dayang yang masih menang keras kerumun ekor ular besar yang gelung di atas batu besar,sedih
ia ia tampak sedih sekali akan tinggal oleh anak satu,sedih
pada siang hari tiga anak tunggu sang induk kembali rumah namun yang di tunggu pun tidak datang,sedih
walaupun ia hidup gelimang harta tapi ia sangat kecewa pada anak yang malas dan bodoh,sedih
justru puter rauna yang sentak lalu menang mohon kepada ayah bunda,sedih
turut mereka hutan itu huni oleh hantu jin setan dan dedemit yang sangat seram,takut
karena gembira salampandai undang ikot rinding malam di rumah,senang
sang gabus tidak lepas gigit malah dia dengan kuat gigit leher sang kuntul hingga putus sambil kata kau coba tipu kami kini rasa akibat,marah
rusa kejut tengah mati ia heran bagaimana kulomang bisa dahulu,terkejut
tindak drakula yang bantai tentara turki ottoman buat sultan mehmed ii nyata perang kepada drakula,marah
kleting kuning nyata sedia,sedih
putri giling gandum sebut sangat kejut,terkejut
hanya diri saja yang selamat ketika para perompak itu tinggal kapal dagang itu seraya bawa seluruh isi kapal dagang yang mereka rampok,terkejut
aduhai alangkah cantik ia bahkan burung pun pesona pandang,senang
ia pun senyum senang lihat rumah,senang
pangeran dan puter rauna sangat bahagia,senang
si murid takut jika beelzebub tidak henti seluruh yorkshire akan tenggelam,takut
yang heran para rampok dan jarah itu langsung hilang telah laku aksi jahat mereka,terkejut
seluruh huni hutan sambut gembira,senang
duduk desa sukacita hadir acara itu,senang
cinderella sangat gembira saat lihat gaun ibu itu,senang
teman bilang wajah terlalu tampan dan tidak cocok jadi monster ia lalu menang sedu,sedih
raja dan ratu sangat sayang dua meski benar dua gadis itu milik status sosial yang beda,senang
sampai mereka di buah rumah yang cukup besar dan mewah ketika mereka masuk sang kucing desa kaget dengan makan di atas meja,terkejut
berita itu terima dengan gembira oleh banyak isi istana,senang
hou i sangat senang dapat pil sebut,senang
akim kejut ia mohon kepada mereka untuk bagi sedikit makan namun mereka tolak,terkejut
istri sangat marah dia tidak ingin tinggal di rumah kami yang lama karena rumah itu sudah hampir roboh,marah
para undang kejut dengar kutu sang sihir jahat itu,terkejut
sangkuriang jadi gusar puncak marah bendung yang ada di sanghyang tikoro jebol,marah
ia begitu takut bayang marah pangeran jika ia tahu mempelai tak cantik yang ia bayang,takut
raja badak sangat gelisah,takut
mereka segera peluk karena takut,takut
rusa yang lain ikut untuk beri semangat,senang
raja pun sedikit marah dan akhir ia putus untuk tidur dan tahan rasa lapar,marah
sang induk sangat senang lihat dua anak,senang
kera takut anak pipit itu terbang,takut
akibat fitnah itu prabu kertamarta murka kepada candra kirana hingga usir anak bungsu itu,marah
aku bisa lihat teriak girang,senang
apa yang saya lihat itu kata ibu dengan sangat kejut saya lihat mutiara dan permata keluar dari mulut bagaimana hal ini bisa jadi anak,terkejut
karena cemas lihat kondisi istri yang sakit itu towjatuwa gendong istri ke rumah tetangga yang biasa bantu orang lahir,sedih
la pun kembali jalan tugas bagai raja dengan asa tenang dan bahagia karena tidak ada lagi yang akan ganti,senang
tapi o bia mokara tolak tangis makin keras terus rengek minta telur ikan,sedih
raja dan ratu sedang naik pitam,marah
saya tida minta apa jawab saya senang bisa buat sesuatu untuk negara,senang
namun kapal itu tetap tak gerak raja jadi kecewa dan marah,marah
kalau begitu nama rumpelstilskin jawab ratu senyum,senang
banjir itu air mata si lancang yang sali buat karena durhaka kepada emaknya,sedih
seluruh duduk desa sambut gembira,senang
esok ia laksana nasihat nenek tua saat buru la pun dapat hasil buru yang banyak,senang
ia usaha lupa ulah si hitam yang tak mau ia suap namun hati tetap marah,marah
akhir mereka hidup damai dan bahagia lama,senang
dengan kuat tenaga ayam coba lepas diri kemudian ia lari kencang keluar dari hutan,takut
ibu pulang hore teriak o bia moloku sambut sang ibu sang ibu senyum lelah lihat tingkah anak,senang
si lelaki tua kian takut,takut
jhi ge phu pesona dengan pandang di depan,senang
akan tetapi ketika dia lihat air di tepi jadi keruh tiap itik itu selesai dia pun marah,marah
ratu pun sangat gelisah bagaimana cara agar ia dapat tahu nama kurcaci sebut,takut
tumenggung peranjat dan teriak semua jadi kacau,terkejut
putri muda kemudian cerita semua kisah dan anak raja sebut jadi tambah kagum akan baik hati dan sopan tutur kata putri muda,senang
bang tolong aku pendekar katung ingin nikah bawa aku pergi bang nanti aku akan cerita yang benar kata suri panik,takut
gembira karena rasa muat telah kurang sehingga beban yang bawa jadi lebih ringan sang keledai rasa sangat gembira ketika mereka lanjut jalan mereka,senang
para prajurit cina peranjat dapat serang hewan aneh itu,terkejut
saat lihat dengan jelas para awal sangat kejut karena tubuh putri pukes telah keras dan jadi batu,terkejut
dengan asa sangat sedih ia pun lanjut jalan,sedih
putri endahwarni rasa cemburu kecewa dan sakit hati,sedih
ibu sangat marah dasar bodoh baju sayang itu harga sangat mahal,marah
pemuda yang bawa gadis itu sangat marah dia keluar cambuk dan lecut ke arah jhi ge phu,marah
telah meni putri melati wangi dan pangeran tanduk rusa hidup bahagia sampai hari tua,senang
mananamakrdi nasib sangat tidak untung tubuh penuh kudis dan bau tak sedap,jijik
kenapa kau bawa makan sisa untuk ayah yang hari ini kerja tanya toba marah,marah
kepiting raksasa itu benar tidak mau seberang kleting kuning karena tubuh kleting kuning yang bau itu,jijik
dengar nyanyi sebut tiga anak sangat senang dan langsung buka pintu cepat kilat,senang
betapa kejut mbok sarni ketika sedang petik salah satu mentimun di hadap dapat bayi perempuan yang cantik,terkejut
dari asa iri itu kemudian lama lama kembang jadi asa benci,marah
jhi ge phu sangat sedih namun apa mau kata semua sudah surat takdir,sedih
tani kaget lihat istri ada dalam lubang perangkap,terkejut
akhir saudagar nikah anak dengan anak perempuan pandai besi sejak saat itu mereka hidup lebih bahagia,senang
sepah yang sembur putri aji bedarah putih ubah jadi ribu lipan besar,jijik
seluruh warga sambut menang itu dengan sangat gembira,senang
sang raja kejut dengar ratu kata demikian dan tanya bagaimana bisa,terkejut
raja sangat kecewa dan marah kemudian ia perintah para awa lnya untuk buang permaisuri ke hutan,marah
ayah akim yang masih dendam kepada tujuh gadis itu rencana untuk balas dendam,marah
lama ibu katak kesal dan marah,marah
bulu warna kuning emas dan dua mata lihat nyala seram karena seram sang istri pun lari jauh,takut
tiba ekor burung lintas di atas kepala ia sangat kejut dan langsung tengadah nyata burung itu patuk hidung,terkejut
nyata bau itu adalah tumpu daging hasil buru beberapa serigala,jijik
begitu kencang dan dahsyat angin badai itu hantam kapal besar lagi mewah milik malin kundang ketika itu hancur beranta,terkejut
putri aji bedarah putih sangat sedih dapat kuat dukung mampu diporakporandakan para prajurit cina,sedih
dengar tolak putri aji bedarah putih itu buat raja cina jadi amat murka,marah
istana yang penuh lembut hati dan bahagia,senang
tiba di desa kramuderu panglima wire sambut mereka dengan hangat,senang
burung unta sangat sayang anak,senang
mereka dua dansa dengan rasa bahagia pangeran kata kamu adalah wanita yang lama ini saya cari cinderella sangat bahagia dan lupa waktu,senang
ba baik apa syarat tanya mbok sirni ragu,takut
yuyu kangkang jerit minta tolong,takut
langit tabur bintang dan bulan yang sinar indah senang sekali rasa lihat indah malam dari tinggi,senang
raja sangat marah dan tidak mau aku kalah,marah
saat dia pulang ibu yang lihat datang dengan gembira sambut dan tanya,senang
makin hari mbok sirni makin sayang timun mas,senang
mak mah sering menang dan ratap diri,sedih
tigran gemetar takut,takut
sang mertua heran bagaimana tiga menantu bisa begitu cerdas,terkejut
ia rasa bangga saat teman caadara cerita hebat anak,senang
amarahnya makin tambah ketika anak aku bahwa dia yang makan bagi besar dari nasi itu,marah
lama itu suami telah bohong pada kecewa yang rasa ubah jadi marah,marah
si kakek lalu raih tongkat dan pukul tepat di kepala burung gagak ketika itu burung gagak ubah jadi asap dan hilang,terkejut
pemuda itu kagum akan jujur dua anak sebut,senang
suatu hari kabar yang sangat senang dengar oleh sang raja istri kini sedang kandung dan kemudian lahir,senang
darah segar alir dari kepala,jijik
mereka takut akan purbararang yang kenal kejam,takut
cik awang gelisah karena tidak mungkin ada musang yang janggut,takut
duduk sangat gembira karena hasil temu raja jambi yang sakti akhir kita punya orang raja yang sakti dan mampu pimpin negeri ini ujar salah satu duduk girang,senang
sejak saat itu pangeran andre dan putri rosebud hidup bahagia lama,senang
dia pun dapat hidup bahagia,senang
lelaki muda itu tegun lihat siapa yang datang,terkejut
bagaimana nabi musa lari takut maka muhammad bin abdillah pun segera tuju ke rumah dalam ada takut,takut
sejak saat itu burung gagak dan burung hantu selalu musuh,marah
sekal perahu itu terjang ombak wajah sang kera jadi pucat,takut
si bungkuk rasa bahagia sahabat dengan si buta,senang
lihat surat sebut raja badak sangat gelisah,takut
aku malu sekali itu sebab aku menang itik itu menang kembali seperti tadi,sedih
dengan takut yang luar biasa aki panyumpit gesa masuk hutan belantara,takut
ia hanya orang emis tua renta yang aku aku bagai anak karena tahu aku ini orang yang kaya raya,jijik
kera marah bukan main akal sehat hilang,marah
putri giling gandum langsung menang terseguk-seguk di dalam gudang yang isi tumpuk jerami,sedih
raja badak pun sedih pikir nasib rakyat,sedih
sekarang rantai sebut telah putus karena hati sangat bahagia lihat sang pangeran bebas dari kutu,senang
tiba rumah istri kasim menang jadi,sedih
ibu mereka yang jengkel langsung hardik minta makan pada ayah kalian itu,marah
tujuh gadis itu pulang dengan hati puas karena telah hasil jalan rencana,senang
la tidak mau aku ayah dan ibu yang renta dan miskin,jijik
purbasari keluar dari gubuk dengan gembira,senang
ular itu senang ketika lihat dua ekor tupai sedang kelah,senang
towjatuwa tegun kau bisa bicara apakah kau jenis buaya sakti tanya,terkejut
mula pikir fokus pada ada yatim sambil ia mulai perhati linang air mata ibu yang diam,sedih
dia sangat kejut lihat istana dan istri yang sangat cinta raib entah mana,terkejut
kalian ini sungguh terlalu mesti ayah tak perlu bawa apa untuk kalian bisa hanya ganggu saja kata puter kuning dengan marah,marah
akhir perang akhir dan semua binatang damai,senang
malin kundang yang kesal dan marah segera ajak istri naik ke kapal,marah
tani itu sangat kaget tetapi ia janji tidak bunuh ikan itu dalam kejap ikan itu ubah jadi orang putri yang cantik,terkejut
dia sangat cantik dan beri nama suzume kakek sangat sayang,senang
orang kaya tuan tanah serta jabat perintah jajah rasa gembira lihat jampang telab penjara,senang
namun babi sulung tetap tahan di dalam rumah dengan takut,takut
tapi putri dengan marah kata bahwa ia telah tipu dan ia hanya mau aku kalah jika shahzada bisa buat bicara banyak tiga kali,marah
ular besar itu toleh dan julur lidah dari dua mata alir air mata,sedih
la sumpah akan balas mati cormoran suatu hari aku akan balas mati cormoran begitu sumpah blunderbore,marah
tiba di rumah ia kejut dan jerit karena lihat suami telah ubah jadi ekor naga,terkejut
sudah barang tentu semua orang sambut dengan gembira berita besar itu,senang
ia pun duduk bawah pohon dan menang karena putus asa,sedih
sementara itu nyai jaya dan mang amat saat kembali ke rumah mereka kaget saat lihat tempat tinggal mereka sudah hancur orang,terkejut
tuhan pun murka kepada dua karena serakah mereka,marah
mereka sengaja minta kleting kuning kena pakai yang jelek dan kumal hingga kleting kuning tampak seperti bantu yang telah hilang waras,jijik
akhir putri rindu temu tambat hati baginda raja jungur dan permaisuri sangat gembira,senang
karena kejut dan heran alami ada yang aneh itu dia tinggal dapur dan masuk kamar,terkejut
dahulu kala ada orang wanita tua yang sangat gembira dan selalu penuh dengan sukacita walaupun hampir tidak milik apa dan dia sudah tua miskin dan tinggal sendiri,senang
pada saat itu tiba datang ibu peri,terkejut
kabar mati tiba sebar dan sangat milu hati orang yang dengar sehingga kabar itu sampai ke istri,sedih
kesal akhir puncak ketika si limbat lapor pada majikan bahwa daging sedia mereka di rumah sudah hilang curi orang,marah
namun mereka langsung usir itik abu agar segera pergi dari depan rumah sebut,jijik
ia sangat kejut tahu dua anak tidak ada rumah,terkejut
baik beri nama ia kemuning kata raja dengan senang,senang
oh akhir pulang juga si lancang seru emaknya dengan gembira,senang
ratus ekor binatang bisa itu serang ibu dan bawang merah,takut
mbok sirni amat takut ia tak mau lepas timun mas begitu saja untuk santap raksasa itu,takut
dengar kabar sebut raja dan permaisuri sangat bahagia,senang
suatu hari pulang dari cari makan burung unta dapat dua anak hilang entah ke mana la menang cari anak,sedih
telah itu perlahan-lahan tubuh malin kundang jadi kaku hingga akhir jadi batu,terkejut
dalam jalan itu si lelaki tua hampir injak ekor tikus jantan besar,jijik
aminah menang dua kali pertama ia menang untuk diri sendiri dan kali ini ia menang untuk anak yang tinggal mati ayah belum ia sempat lahir,sedih
ah alangkah bahagia dua ikan ini mereka pasti pasang kasih yang saling cinta sebentar lagi aku akan bahagia mereka pikir putri sambil senyum kecil,senang
nenek itu beri hadiah kepada bawang putih karena sudah bantu kerja bersih rumah,senang
gembira hati malin kundang ketika dapat ada kapal dagang yang tengah labuh di pantai aia manih dan tambah bahagia saat nakhoda kapal boleh untuk turut tumpang dalam kapal itu,senang
datu awang sukma tap sedih dan sumpah untuk larang anak turun pelihara ayam hitam yang dia anggap bawa malapetaka,sedih
bapak tua dan istri kaget dengar suara itu,terkejut
ibu putri jelma ikan itu pun sangat sedih,sedih
sang bapak lama kesal oleh sikap menantu itu,marah
muhammad bin abdillah kini jadi sendiri dan ia dalam ada menang,sedih
putri raja sebut mulai menang dan terus menang olah tidak ada hyang bisa hibur lagi,sedih
petir sambar iring guntur yang gelegar begitu putri ucap doa semua yang ada di situ jerit takut,takut
ketika raja cina makan ia langsung sesap dengan mulut dan tidak guna tangan,jijik
ia pun jadi marah dan pikir cari jalan untuk celaka purbasari,marah
tampak ia senang sekali lihat wajah yang pucat kejut,senang
asal kau tahu ibu adalah jelma ekor ikan kata ayah dengan sangat marah,marah
babi hutan itu teriak olah beri ingat pada teman mereka semua iari selamat diri,takut
saat kelinci pulang ke sarang ia kaget lihat jejak panjang arah ke sarang,terkejut
wush dari dalam kotak itu keluar ribu makhluk yang seram dan kejar nenek yang langsung lari birit,takut
lelaki itu jadi sangat pesona karena wajah perempuan yang diri hadap luar biasa cantik,senang
sang kucing dekat sang kelalawar kini bukan ekor tikus yang ada di mulut sang kucing tetapi ekor burung dengan bulu yang keluar lihat hal itu sang kelalawar sangat takut,takut
papuq mame dan papuq ki ne rasa sedih hidup bagai tikus,sedih
aku akan beri hukum yang timpal pada selir lanjut baginda dengan murka,marah
sang raja kembali kejut dan langsung peluk anak yang dulu ia buang,terkejut
meski demikian beliau rasa sedih yang dalam lihat sikap kaum,sedih
gadis itu tertawa aku tahu hadiah apa saja yang kalian harus bawa,senang
saya tidak akan beli sesuatu dengan emas itu saya bahkan tidak pernah pikir untuk belanja sesuatu dengan emas itu teriak lagi dengan marah,marah
orang yang anggap sakti itu sambut gembira oleh rakyat jambi,senang
tak kira gembira suami istri itu dapat ajaib yang mereka alami,senang
mbok sirni bahagia bukan main tentu ia tidak akan pernah lepas timun mas kepada siapa,senang
leher akan penggal algojo raja telah ayam jago kalah,takut
syukur anak pertama sudah lahir kata ayah dengan gembira,senang
suami istri itu akhir hanya bisa lutut dan sangat sesal karena tidak penuh minta makan anak mereka belum,sedih
ia rasa bahagia ada di dekat orang yang tampan dan gagah perkasa,senang
raja ini perintah buah raja kecil yang damai,senang
tikus yang sedang makan kini hilang selara makan segera dia cakar kembali dan gigit tikus marah itu mereka gumul kelah dengan sengit,marah
raja bayang pun sangat marah dengan tolak raja hasan wajah pun ubah jadi merah bakar,marah
putri raja sebut jadi sangat marah angkat kodok sebut atas dan lempar ke dinding sambil menang diam kamu kodok jelek,marah
si limbat jadi sangat kejut tidak pernah duga majikan akan tega tuduh diri bagai curi,terkejut
raja gembira lihat putri ubah ceria,senang
si murid pun minta maaf atas bodoh,sedih
ketika dua kali sang ibu hampir sang putri justru bentak ibu,marah
dengar jadi sebut para orca sangat marah segera mereka pergi datang diam para hiu putih untuk beri ingat agar tidak lagi buru di wilayah para orca,marah
serigala pun takut seperti kelinci,takut
sang nenek kejut temu dengan orang yang baru lihat lama ini,terkejut
para putri dan wanita bangsawan jerit takut,takut
orang makin senang mereka tertawa-tawa,senang
ia tak kuasa bayang sedih ayah dan bunda,sedih
putri rindu peluk ibunda ia kemudian kata maaf ananda lbunda karena telah buat lbunda dan ayahanda sedih dan bingung,sedih
gadis selalu pesona dengar,senang
putri raja jadi sangat senang lihat main kembali dan dia ambil dengan cepat dan lari jauh,senang
gema tidak puas landa batuampar entong gendut dan kawan marah sekali,marah
esok hari dia bangun seperti biasa dengan gembira dia tengok ikan yang ada di sumur kecil dan pergi untuk kerja lagi,senang
tebar biji itu sungguh ajaib hutan ubah jadi ladang mentimun yang lebat buah,terkejut
tapi ketika ia mau keluar para samun sudah ada di luar mereka sama kejut,terkejut
ibu bawah putih tinggal dunia karena sakit,sedih
sang raja sangat sayang dengan dua anjing itu,senang
dia tidak bisa kembali ke bumi karena takut pangeran anantakusuma akan kejar,takut
raja sangat sedih aku ini ayah yang buruk,sedih
anak lelaki itu wajah cerah dan senyum lebar,senang
telah itu ada sepi kembali buat bulu kuduk remang,takut
dengan semangat yang nyala ia ingin segera sampai berita gembira kepada ibu bahwa ia telah bawa gadis cantik calon istri,senang
derai tawa dari buah rumah di daerah tobelo warna pagi itu,senang
ciput jawab sedih bahwa pak sarba sudah tinggal dunia,sedih
kelelawar ian takut sejak saat itu kelelawar tidak berani liar pada slang hari,takut
kecuali obi kerbau yang rasa iri pada ucil kancil,marah
putri rindu senyum ia amat bahagia sudah temu calon suami yang tepat putri rindu umum siapa yang jadi menang sayembara itu,senang
asni dan mirah amat sedih,sedih
dari mulut keluar dua ekor ular bisa dan dua ekor katak,jijik
putri endahwarni juga tampak senang lihat calon suami yang sangat gagah dan tampan,senang
syandan tak kira marah kerbau putih ketika dapat putri kesupuk lari diri,marah
akhir karena rasa kesal telah lima hari nenek suruh bawang merah pulang tanpa beri hadiah labu,marah
dengan marah yang sangat kerbau putih seruduk pohon tempat putri kesupuk ada,marah
bangsa singa dan bangsa burung hendak keroyok bangsa kelelawar,marah
namum bibi sangat kasar kepada gadis amat sedih,sedih
milik rumah akan kaget esok hari karena seluruh harta yang telah mereka kumpul dengan susah payah lenyap begitu saja bawa kabur rampok itu,terkejut
mereka pun sangat sali tengkar mereka sebut,sedih
kepada adik ia cerita bahwa kakak mereka telah tiada,sedih
kuda akhir kembali ke rumah tani la hidup bahagia lama,senang
ratu pun sangat bahagia ketika ia gendong bayi,senang
la tidak berani tolak karena takut akibat,takut
dengan semangat ia lipat dua tangan di dada dan tutup dua mata,senang
monster kepala babi yang bulu hijau,jijik
karena geram putri pun hancur tiang lampu di kamar,marah
saat itu nelayan sebut lutut pada dua kaki dan menang,sedih
sangat heran batang bambu itu bisa di darat telah lempar ke laut tadi,terkejut
ketika akan lang pergi ikot rinding kejut ia lihat buah sumpit geletak di tanah,terkejut
raja dan ratu sangat sayang seperti anak kandung sendiri,senang
mereka bingung dan takut barangkali datang serang dua,takut
para samun yang kejam tidak beri ampun kepada kasim ia segera bunuh,takut
telah dayang sumbi tahu bahwa yang makan adalah si tumang marah pun puncak serta merta kepala sangkuriang pukul dengan sendok yang buat dari tempurung kelapa sehingga luka dan usir sangkuriang,marah
purbararang kemudian jadi marah bunuh ayo bunuh lutung itu teriak,marah
di jalan muncul sosok monster yang tunggang sapi,terkejut
duduk kota sorak gembira raja tak kurang pula gembira hati,senang
akan tetapi dia takut kalah kera besar itu,takut
arena mereka sudah dengar raja gajah sangat besar milik taring dan belalai yang sangat besar dengar cerita sebut rakyat sangat takut,marah
cantik buat iri gadis lain yang kenal,marah
raden putra peranjat dengar kokok ayam cindelaras,terkejut
dengan gembira dukun masuk isi salam itu ke dalam kantong baju,senang
pak inda sangat kejut karena letus keras itu asal dari rumah,terkejut
kera hitam sangat takut tangkap si raksasa dan jadi santap si raksasa,takut
aku longo dengar segera tarik jeni masuk,terkejut
lipan besar yang takut mangsa tulap si raksasa paksa pula turut,takut
pesta pemikahan antara si sumpit dan putri pak raje laksana dengan riah,senang
sultan alam gembira sekali dengar berita dari elang raja,senang
iya paman saya baru datang kata anteh takut,takut
wah seperti tarik ayo kita segera berangkat sahut kera semangat,senang
raja pun senang karena sekarang ia jadi lebih kaya,senang
saya tidak larang mang jampang jawab abdih yang takut juga,takut
akan tetapi ia dan rombong kejut sebab samping huma yang buka para prajurit telah ada pula huma lain yang lebih bagus,terkejut
towjatuwa nyaris pingsan karena takut aduh jika aku mati makan buaya ini bagaimana nasib istri pikir dengan kalut,takut
itik abu sangat kejut lihat sosok angsa putih di dalam air,terkejut
mereka iri dengan cantik wajah kleting kuning,marah
suzume hanya bisa menang tahan sakit dan terbang jauh ke arah hutan,sedih
anak pipit sedih ada dalam gelap karena kera selalu katup mulut,sedih
suami istri itu sangat bahagia mereka beri nama bayi itu timun mas,senang
lihat tingkah laku si naga yang selalu hambur harta raja maka si buaya pun marah,marah
puang mosso sangat takut jika sang raja tahu bahwa anak laki masih hidup,takut
tolong tolong aku sangkut ucap si gabus dengan rasa takut,takut
pada suatu hari beliau duduk di gua hira dan tiba beliau kaget dengan datang jibril yang diri di depan pintu gua,terkejut
ayah sangat sayang segala ingin manuella selalu penuh,senang
waktu terus jalan hidup keluarga jafar sidik lihat rukun dan damai,senang
namun dua binatang rebut langsung tengkar untuk rebut rusa sebut,marah
hati hancur lebur usir oleh anak kandung sendiri,sedih
pergi aku tidak suka makan kampung orangtuaku adalah orang saudagar kaya bukan gembel seperti kalian seru sang anak sambil buang makan beri ibu,jijik
la angkat kepala dan teriak cowards kecut,marah
insoraki senang sekali lihat ubah wujud suami,senang
bang sarba senang sekali dengar akan dapat anak lelaki,senang
meski sangat peranjat raja turut perintah sebut,terkejut
tapi suatu hari empat lembu tengkar karena beda dapat,marah
dia kaget ketika pintu kandang buka nyata kambing besar itu lepas diri dari patok yang ikat,terkejut
di kolam hanya ada lumpur kita tidak bisa renang di dalam lumpur kata frank lagi,senang
lutung kasarung sendiri pesona,senang
sangat kejut sekaligus bangga anak cinta pulang naik kapal mil sendiri,terkejut
sudah itu abdib cari jampang dia marah sekali,marah
dengan penuh amarah huni rumah ambil sapu lalu pukul sang kucing desa sang kucing desa rasa takut dengan laku huni rumah dia lari jauh dari,marah
jika ayah pulang bawang putih tidak berani adu buat ibu dan saudara tiri,takut
hari itu jadi hari yang penuh gembira dan safia pergi terima kasih kepada wanita bijaksana yang tinggal di rongga pohon,senang
raja amat senang dengar rencana ibu,senang
puter kuning sangat sedih lihat karena taman adalah tempat sayang ayah,sedih
betapa kejut si rusa ia tidak jadi istirahat lain lari tunggang langgang,terkejut
sana ia sangat kejut karena dapat tubuh kakak sudah potong,terkejut
jhi ge phu dengan sedih lihat istri yang cinta bawa pergi,sedih
dengan hebat mereka dan juga bantu dari para siluman hutan mereka hasil menang tempur,senang
hingga suatu hari mananamakrdi usir oleh saudara karena bau kudis sudah tak tahan lagi,jijik
peranjat suami istri itu ketika tahu benda keras yang sentuh sang suami sebut nyata buah patung landak yang buat dari emas,terkejut
rohib sangat senang dan terima kasih kepada tikus dan ira bahwa tikus yang paling jasa dalam cari mentiko tuah,senang
dewa indra lalu tangkap dan lempar raja trishanku kembali ke bumi,marah
tahu hal itu kucing dan anjing jadi kesal mereka pun marah besar sejak itu anjing dan kucing musuh tikus,marah
betapa kaget hati telah lihat isi bumbung itu,terkejut
kontan bang bodong marah,marah
orang musyrik pilih waktu yang tepat untuk sembelih binatang di mekah lalu mereka bawa usus atau jeroan dari unta dan mereka lempar dan letak di atas punggung nabi saat beliau sujud,jijik
sang raja sangat senang dengan hal ini dan perintah agar jumlah besar uang beri kepada nelayan sebut,senang
sangat kejut pak lnda saat dapat batang bambu itu adalah batang bambu yang telah dua kali buat sandung,terkejut
sang anjing senyum bahagia karena dia telah temu makan,senang
maka akim pun dengan senang hati pergi dengan mereka,senang
putri bisu bangkit dari tempat duduk dan dengan marah ia teriak kalian semua bodoh orang sakti itu yang paling hak wanita itu hutang nyawa pada,marah
raja pun tahan rasa malu ia pun segera kembali ke istana dengan asa sedih,sedih
jika begitu ayo kita sebar berita baik ini pada duduk desa kata pak raje dengan semangat,senang
mereka sangat bangga akan mampu lari,senang
tetapi aku juga tidak dapat pergi dengan pakai kotor dan bau seperti ini,jijik
hu huuuu huuu tangis malin kundang sambil gang lengan yang darah,sedih
sampa ia di rumah alangkah kejut toba lihat makan sudah sedia di atas meja,terkejut
betapa gembira mereka keluarga karena telah lepas dari miskin,senang
hati yang tadi sudah kesal ubah jadi gembira karena dia tahu bahwa ikan yang sambar pancing itu adalah ikan yang besar,senang
di halaman istana bunga mulai mekar dan burung kicau riang pangeran kesima lihat hal itu,senang
kini semua benda yang ia sentuh akan ubah jadi emas raja sangat senang,senang
ada pesta nikah yang megah dan riah yang langsung lama tujuh hari tujuh malam dan mereka hidup bahagia lama,senang
beliau hidup beberapa hari sama ibu di mana si ibu rasa sedih yang dalam atas pergi ayah,sedih
ayah jadi ayah masih hidup,terkejut
sampa di rumah putri melati wangi sambut gembira oleh keluarga yang ira putri melati wangi sudah tinggal dunia,senang
mereka gang tangan dengan sedih karena sebentar lagi akan pisah dengan adik bungsu mereka,sedih
sambil pandang sinis ke bawah ia ludah ibu,jijik
kakek kejut dengar minta istri dia coba tolak,terkejut
putri kesupuk kera hitam dan segenap ka wan kera gembira dapat si raksasa telah mati,senang
putri kesupuk kemudian nikah dengan sang pangeran dua hidup rukun dan bahagia,senang
dalam jalan ikut mereka temu dengan ekor lipan besar,jijik
wajah monster ini dan monster lain jauh lebih keri dari monster yang bawa ke sini,takut
alibaba segera sembunyi karena takut jika ia lihat ia akan bunuh,takut
toba sangat gembira karena nyata ada ikan besar yang sangkut ikan itu punya sisik sangat indah warna emas,senang
dengar cerita anak itu si ibu sedih sekali utama karena suami sudah langgar sumpah dengan kata cerca yang dia ucap kepada anak itu,sedih
obi kerbau cari akal untuk balas sakit hati pada ucil kancil,marah
darah pun tak henti alir dari iidahnya,jijik
oleh karena itu dia sangat iri dengan untung adik,marah
ketika bumbung buka putri bungsu kejut dan teriak gembira ini selendang seru putri bungsu,terkejut
rasa takut mulai hantu para muka quraisy dan mereka tetap metode baru untuk hadap kaum muslim,takut
kemudian bocah sebut mulai tiup seruling sultan dan orang di istana yang dengar alun seruling sebut ketika alir air mata rasa sedih yang dalam dari alun seruling sebut,sedih
ulat bulu pun keluar dari sarang kelinci sambil sipu malu,sedih
ia sangat kejut di belah ada orang ibu peri sambil senyum ramah,terkejut
kuda pergi dengan sedih,sedih
mimpi yang aneh itu buat sangat gelisah,takut
benar oh paman akhir aku temu keluarga ibu kata anteh dengan gembira,senang
di tengah malam aku rasa putus asa,sedih
jafar sidik peranjat saat lihat tujuh bidadari terbang di atas lengkung pelangi,terkejut
mereka amat kejut ketika tengok ke dalam ayun yang ada di tengah lorong,terkejut
ekor ular yang lintas di dekat buat mah bongsu sangat takut,takut
wah hebat teriak alibaba sambil terpana sebentar karena lihat harta yang tumpuk seperti gunung,terkejut
sejak saat itu ada di hutan kembali damai seperti dulu,senang
ratu menang ia sali kata putri yang ucap cara sembrono,sedih
ia cemas dan sedih jika ingat janji pada raksasa itu,sedih
tubuh langsung gemetar,takut
tiba dia buat kaget dua ikut itu dengan pegang kerah baju mereka,terkejut
akhir juan dan raul saling peluk dan saling minta maaf,sedih
asni justru senang hadap pendekar wanita yang amuk,senang
ayo kita pergi ke kolam dan senang kata george,senang
pada saat sama orang gadis bisu dan tuli tertawa pingkal lihat tingkah jack,senang
asa kesal dan jengkel tuju pada suami,marah
tiba keliling jadi biru dan asap bumbung sama itu muncul sosok besar raksasa,terkejut
datu awang sukma sangat kagum cantik putri bungsu,senang
tapi ia tidak temu harta karun justru dapat sampah yang bau busuk,jijik
dengan penuh jengkel riak manuella sambil pandang pohon itu,marah
kusmantoro dan kusmantari kejut namun kejut mereka simpan rapat mereka tak ingin samar mereka buka,terkejut
lihat sahabat suami datang dia jadi sedih,sedih
telah ibu tinggal kini ayah pun tinggal karena sakit,sedih
para rampok bukan saja bawa golok tajam untuk dongkel daun nipah tutup rumah tetapi yang lebih keri adalah saat mereka guna sunyi malam untuk buat gali panjang dari luar rumah,takut
raja gembira dengar putri bicara,senang
rumah kosong belanda marah dan lampias marah mereka dengan hancur kampung itu,marah
sejak saat itu nenek tidak pernah lagi keluar kata kasar dan selalu laku baik pada orang lain dan mereka dua hidup bahagia lama,senang
tapi alangkah kejut mereka ketika sadar nyata hidung putri telah hilang belah,terkejut
saudagar kaget dengan cerdik anak,terkejut
empat raja yang sangat sombong sebut pulang ke negeri dengan tanggung rasa malu karena kalah,sedih
anak raja jadi jatuh hati pada putri muda dan anggap bahwa putri muda sangat pantas jadi istri,senang
bawah putih sangat sedih,sedih
ia rasa sangat sedih karena mereka sudah di tangkap oleh serigala,sedih
badak takut dengar jawab itu,takut
hati ibu sangat luka dengar ucap anak itu ia usaha terus menyakinkan malin bahwa diri adalah ibu,sedih
si nenek sangat sedih air mata linang dalam sedih ia doa kepada tuhan,sedih
tak peri gembira dewi candra kirana ketika temu kembali dengan suami cinta,senang
dengar puter hijau jadi marah ia segera cari saudara dan hasut mereka,marah
bunda menang sedu sambil simpuh di bawah kapal malin anak jangan kau tinggal bunda lagi nak bunda sangat rindu,sedih
syarat yang aneh itu buat si limbat takut,takut
namun ajaib jadi dari balik api yang jilat muncul orang pria tampan badan mulus,terkejut
tiba ketika datuk buta muncul lagi di hadap mereka,terkejut
mereka hidup damping dengan rukun dan damai,senang
tidak kira bahagia raden inu kertapati telah hasil temu puja hati,senang
raden putra sangat kejut dengar kokok ayam cindelaras yang aneh,terkejut
ketika mereka sudah tinggal di pondok itu tiba siar kabar bahwa bendahara ambil alih duduk baginda raja betapa kejut permaisuri dengar berita sebut,terkejut
i manyambungi sangat kejut saat dengar jawab itu,terkejut
kita harus kubur dengan layak kata kapten dengan penuh duka,sedih
sementara kaki ada pasang sepatu kaca yang sangat cantik cinderella tari dengan sangat gembira,senang
namun ia sangat kejut dan bengong lihat sang ayam sudah tidak ada di hadap,terkejut
gempar pun kian jadi saat ande-ande lumut juga buka jati diri,terkejut
namun mereka sangat kejut karena yang datang bukan sang induk lain serigala,terkejut
ketika dengar berita yang takut itu purbasari pun menang,sedih
utbah diri dalam ada takut dan segera tuju kaum quraisy,takut
dengar hal itu halimah sangat kaget dan pukul,terkejut
baik aku sedia sahut mbok sarni jawab walau hati takut lihat sosok raksasa yang besar dan seram,takut
gadis sebut begitu senang dia ambil kantong uang sebut dan segera pulang rumah,senang
putri terus sedu ia kecewa karena tak bisa jaga cantik,sedih
sang ayah sangat marah tahu bahwa anak rohib tidak selesai ajar lama ini,marah
lihat sang anjin itik abu pun takut karena ia takut di makan oleh,takut
raja hasan sangat kejut dengar jawab dari raja bayang,terkejut
dagang yang rasa marah kemudian bawa keledai sebut kembali ke pasar,marah
karena ia jadi yatim piatu dan yang buat ia sangat sedih,sedih
ia juga jelas bahwa ayah tinggal dunia karena taruh nyawa dalam taruh sabung ayam,sedih
sejak saat itu tukang kayu tidak pernah hidup kurang lagi,senang
tiba tiba saja ribu buah bakau jatuh timpa pasu pangeran empang kuala yang sedang istirahat,terkejut
ratu pun sangat senang tahu nama si kurcaci,senang
tetangga tani sangat senang dan ia pun pergi ke ladang,senang
tapi nenek yang serakah malah parah kakek karena tidak pilih kotak yang besar,marah
tentu saja si buta sangat gembira dengar hal itu,senang
rakyat sangat kejut lihat tampil raja meski mereka kejut namun tidak ada dari mereka untuk kata apa,terkejut
seluruh anggota pasu belanda gemetar takut,takut
itik abu sangat senang kini ia bukan itik yang buruk rupa lagi ia adalah ekor angsa yang sangat cantik,senang
dengar kabar sebut raja senyum sangat lebar ia pun sangat senang dengar baju yang buat dari emas asli pasti sangat indah pikir,senang
di tengah hari saudara lari dalam ada takut dan menang sambil teriak bahwa muhammad telah bunuh,takut
nyata benar baju itu milik ibu ia sangat terima kasih kepada nenek itu,senang
hanya enam putri tidak habis sali diri mereka,sedih
dengan nada marah ia kata simpan bubu dekat pagar bubu makan ana maka ana yang saya ambil,marah
selain itu mirah juga tarik pada ilmu silat,senang
aja makin pesona lihat bahwa jhi ge phu milik istri yang sangat cantik,senang
ibu dempu rasa hati pedih bukan kepalang la tidak sangka anak kandung tidak aku bagai ibu,sedih
hingga saat ini kerbau akan marah bila lihat kain warna merah,marah
tak kira gembira dan bahagia hati ketika ia lihat buah kapal yang besar serta mewah tengah sandar labuh,senang
lalu anak nelayan itu pulang ke rumah dengan hati sedih dan menang,sedih
dalam gembira purbasari tidak putus ucap syukur kepada kahyangan yang telah asih,senang
dengan gembira mereka cepat sampai ke istana bahwa tempat sebut telah di bangun,senang
hancur hati dua orangtua sang anak dengan berucuran air mata mereka tinggal kapal sang anak ibu tak kuasa tahan sedih dan sekaligus amarahnya,sedih
gadis itu kemudian pulang ke rumah dengan kantong yang penuh dengan uang akhir meni dengan orang yang sangat kaya dan hidup bahagia telah,senang
ia menang sali segala tapi sudah lambat,sedih
ia takut anak yang kandung itu orang bayi laki lalu akan bunuh lagi oleh suami,takut
singa dan beruang sangat kejut lihat datang serigala yang sangat tiba,terkejut
meski baju tidak lihat namun raja sangat senang dan percaya diri,senang
entah berapa lama ia buai mimpi tiba ia bangun karena kejut suara hiruk pikuk sayap yang epak,terkejut
hampir tiap hari jadi ampas dan ampo rakyat kecil takut,takut
juan tindih adik dan pukul,marah
mereka sambut terima kasih tuhan kau telah selamat anak kata mereka gembira,senang
tapi dia rebut kue kata juan ban,marah
sekarang tidak ada lagi tempat untuk lari wahai angsa yang anggun kini kau akan jadi santap ku hahaha kata sang cayman dengan asa yang girang,senang
dengan marah yang sangat hamzah cari abu jahal lalu ia lihat sedang duduk di tengah kaum,marah
anak kecil itu kembali ke mekah dalam ada sedih dan ia tampak terpa,sedih
dengar empat raja sebut buat kacau dan buat rakyat resah raja sultan hasan sangat sedih dan gelisah,sedih
di desa nyak itu juga dapat hutan yang kenal angker,takut
tempat itu buat tegun seluruh dinding dan lantai gua lapis emas,terkejut
agak kejut ia ketika dapat seruas batang bambu itu adalah seruas batang bambu yang buat sandung di pantai tadi,terkejut
masyarakat kelekak remban suka cita telah tahu telah tewas garude di tangan putri pinang gading,senang
adik bungsu kembali menang sedu,sedih
di kampung aia manih ibu malin kundang terus tunggu datang anak,sedih
rohib pun siap untuk lari karena takut,takut
ketika tirta datang dia amat kaget temu dengan bek mayor,terkejut
ekor babi hutan betina nama wayungyang yang tengah tapa ingin jadi manusia minum air seni tadi,jijik
gajah makin teriak dengan kencang dan tampak takut,takut
namun ibu itik sangat kejut dari beberapa anak ada yang beda,terkejut
si merah kecil iri lihat babi yang dapat makan yang lezat,marah
o bia mokara mulai rengek karena lapar sambil menang ia tarik tangan kakak ke dapur dan tunjuk telur ikan,sedih
galuh ajeng lantas siasat jahat,marah
dengar yang di kata hewan yang lain buat sang ibu rasa sedih,sedih
ketika si pelit sadar hilang harta dia jadi sangat sedih dan putus asa,sedih
tak kira kejut si lelaki tua ketika dapat tulap si raksasa telah ada di dekat,terkejut
i manyambungi yang selalu senyum sambil tatap puang mosso dengan mata kaca,senang
mereka telah jadi pasang suami istri yang bahagia dan tinggal di mayor sampai tua,senang
esok saat duduk lihat ada maldonado mereka kejut lihat maldonado masih sehat dan bugar walau malam ikat,terkejut
jhi ge phu sangat gembira dia pun hampir putri naga yang tidak bisa pura lagi,senang
para perompak yang lain rasa takut,takut
para utus dari mandar itu pun kejut dan segera beri hormat,terkejut
harus aku tidak pengaruh kata tetangga kata gembala sali diri,sedih
mereka peluk sambil menang,sedih
mereka akan terus usaha dan semangat,senang
telah sampai rumah bawang merah dan ibu segera usir bawang putih dari rumah,jijik
ia pun sangat iri lihat cantik angsa sebut,marah
raja sangat kejut dengan minta sebut karena dua benda itu adalah pusaka raja yang orang luar tidak tahu,terkejut
cinderella lari ke kebun dan menang,sedih
dengan rasa bangga raja terus lambai tangan,senang
ia sangat senang karena dapat labu yang lebih besar dari bawang putih,senang
akhir mereka di karunia orang bayi laki bayi laki sebut beri nama samosir hadir samosir buat mereka makin bahagia,senang
oh celaka anak kata ayah akim dengan sedih,sedih
la adalah beelzebub iblis nomor dua telah lucifer la datang iangsung dari neraka jahanam,takut
a apa salah kak kenapa kakak tiba marah begitu tanya anteh kaget,terkejut
esok hari mereka datang batu batangkup dan kembali menang dan mohon agar emaknya di keluar kembali,sedih
dua anak pun rasa heran karena tidak temu dengan emaknya dari pagi,terkejut
raja babi sangat senang karena tidak ada yang sanggup lawan,senang
bukan main marah kera saksi itik keruh air di tepi itu lagi,marah
kian peranjat raja saat temu dengan sang milik suara yang tak lain sang kakek seperti yang ada dalam impi,terkejut
akhir jack dan istri hidup bahagia lama,senang
rubah itu sadar bahwa itu hanya bayang rubah itu menysesal atas apa yang laku tadi,sedih
sang putri sangat asyik dengan acara sebut tak asa hari sudah lewat tengah malam,senang
sampa ia di istana pangeran sambut dengan gembira dan senyum cinderella dan pangeran akhir meni dan hidup sangat bahagia lama,senang
hei perempuan tua pakai lusuh siapa engkau ini hingga berani berani engkau peluk,jijik
wahai batu yang dapat bicara saya sudah tidak sanggup hidup dengan dua anak yang sudah durhaka kepada orang tua dua anak yang tidak pernah peduli ada dan tidak pernah hormat orang tua aku mohon tolong telan aku sekarang juga kata mbok mah menang,sedih
amat peranjat warga desa telah tahu di dalam rumah istirahat yang bangun raja itu dapat kumpul ular,terkejut
esok hari purbasari sangat kejut lihat jamban salaka itu,terkejut
nenek sangat senang kepada,senang
namun ia sangat kejut lihat ekor ular raksasa ada di hadap,terkejut
putri aji bedarah putih sulit temu cara untuk kalah para prajurit cina itu ia hampir putus asa,sedih
timun mas tumbuh jadi gadis yang cantik dua orang tua sangat bangga pada,senang
lihat datang serigala yang datang cara tiba buat sang ayam sangat kejut,terkejut
putri giling gandum sebut makin kejut lihat jerami benar ubah jadi emas,terkejut
raja hasan benar sangat marah karena raja bayang dan pasu sudah buat kacau,marah
tetapi mereka tetap bahagia dengan apa yang di ikan oleh tuhan yang maha esa,senang
ia begitu pesona lihat patung wanita cantik pakai indah sebut,senang
balik ia selalu riang dan dan senyum ramah kepada siapa,senang
ia amat kejut lihat nyamuk sedang patuk dan tel ekor ayam jantan,terkejut
paga hidup bahagia sama si biru dan puluh bekas perompak yang semua telah anggap bagai sahabat,senang
orang anak nama juan tengkar dengan adik raul mereka rebut kue beri nenek,marah
negeri tanjung dapat ancam serang dari negeri tetangga,takut
dengar minta sebut pangeran suta sangat senang,senang
sang ayah telah putus asa dan ia hari hanya duduk di depan jendela,sedih
sultan alam pukul dengar derita rakyat dari raja penyu beliau sangat sedih atas jadi sebut,sedih
karena sudah terlalu lama tak ada yang makan umpan pancing dia jadi kesal dan putus untuk henti saja pancing,marah
dengan jengkel luar biasa kera masuk anak pipit itu ke dalam mulut,marah
benar rusa kejut dengar jawab kulomang tapi ia tertawa dalam hati,terkejut
purbararang menang dan minta maaf kepada purbasari,sedih
benar tanga towjatuwa dengan girang wajah lihat seri,senang
karena si tumang tidak turut sangkuriang marah dan bunuh si tumang,marah
raja sangat bahagia dan segera peluk putri dengan sangat erat,senang
ketika kucing itu bangun kucing itu sangat kesal telah bangun dari tidur dia geram dan coba usir ayam,marah
namun ayam jago cindelaras benar luar biasa semua bisa kalah dalam beberapa gebrak tarung saja,terkejut
mereka kaget ketika tiba lihat suatu pandang aneh tapi nyata di suatu lorong,terkejut
tuan milik androcles marah besar ia hukum androcles dengan masuk ke arena adu singa,marah
sementara itu nenek sangat hilang elonen la pergi cari sampai jauh,sedih
dengar anak sebut raja sangat kejut ia pun langsung lihat pada tubuh,terkejut
timun mas tumbuh jadi gadis yang baik budi dan cantik jelita mbok sirni amat sayang sepenuh hati,senang
pangeran suta dan putri hidup sangat bahagia rakyat pun kembali aman damai dan makmur,senang
suara terompet jack bangun cormoran la marah sekali dan keluar dari gua,marah
si lebai sangat kesal ikan tak dapat singkong rebus pun hilang dari genggam,marah
pandang begitu milu olah hendak ucap maaf dan selamat tinggal,sedih
raja menang lihat putri sayang kini tidak dapat gerak,sedih
hahaa selamat tinggal serigala yang bodoh kata sang ayam yang senang karena hasil lolos diri dari cengkraman serigala,senang
beliau rasa sedih yang dalam beliau sering sendiri dan buka mata di hampar pasir,sedih
jadi buah peristiwa yang sangat kaget joko kendil yang buruk rupa ubah jadi orang pangeran yang sangat tampan,terkejut
dia ikut saksi hidang seni upa musik dan tari yang senang,senang
si bidadari bungsu hanya bisa sedih hati ratap nasib malang,sedih
tiga anjing kampung itu iari takut saat lihat rombong serigala,takut
anteh senang saksi bunga yang mekar dan kupu-kupu saling rebut bunga,senang
datuk hakim takut dia minta syarifah sembunyi diri,takut
si kakak sesal tidak turut laut kini ia hanya bisa gigit jari lihat adik naik perahu dengan laut,sedih
dengan gembira obi kerbau pulang ke rumah,senang
namun ia sangat pukul karena lihat tujuh puter telah tinggal dunia karena lapar,sedih
si murid takut si si siram bunga itu jawab si murid kena,takut
tak kira pedih hati mande rubayah dapat laku keji anak kandung,sedih
kapal besar itu terombang-ambing dan balik seluruh tumpang tewas ketika masuk sang anak,terkejut
datuk bendahara takut tengah mati dia minta sembunyi,takut
sampai suatu hari kabar bahwa putri orang giling gandum dapat mintal jerami dan rubah jadi emas dengar sampai raja,terkejut
akhir telah tunggu tahun raja dapat kabar bahagia bahwa permaisuri telah hamil,senang
bawang putih sangat panik dan takut karena baju yang hanyut adalah baju sayang ibu tiri,takut
sungguh yang takut kepada allah di antara hamba hanya orang-orangyang beril ulama,takut
esok tani kaget temu kendi di api la buka kendi itu dan isi adalah uang perak yang banyak,terkejut
mereka sangat kejut dan sangat kagum dengan cantik cinderella,terkejut
raden budog sangat kecewa karena tidak dapat jumpa dengan gadis impi,sedih
betapa senang hati emak si lancang saat dengar kabar anak datang,senang
ya ampun teriak dengan kagum penuh dengan emas betapa untung saya,senang
akhir orang tua akim tahu hadir akim di pesta itu mereka marah dan suruh akim untuk segera pulang,marah
betapa kejut awang sukma ketika lihat ada orang gadis cantik sedang main air,terkejut
pada saat lelaki itu tiba di dapur dia kejut sekali karena ikan besar itu sudah tidak ada lagi,terkejut
istana putri bisu jika lihat dari dekat nyata sangat keri karena dinding bangun dari tulang belulang manusia,takut
apa yang kau pikir wahai pangeran shahzada kejut karena tidak ada orang lain di kamar,terkejut
ibu marah karena anggap putri muda sebut terlalu lama kembali dari ambil air,marah
o bia moloku dan o bia mokara hanya dapat tangis pergi ibu dua anak itu sesal telah buat ibu mereka marah,sedih
hadap masalah seperti itu prabu tapa agung sering muram durja,sedih
mereka hendak tinggal wilayah yang sangat keri itu,takut
raja dan ratu sangat marah dengar kata putra mereka itu jangan atur orangtua karena kau telah buat salah aku akan hukum pergi dari istana ini usir raja,marah
kapal dagang yang tumpang itu serang kapal bajak laut,takut
lama masa perintah rakyat hidup dengan damai dan aman,senang
rasulullah saw sangat sedih ketika hilang dua orang yang sangat pengaruh dalam hidup itu bahkan para sejarawan nama tahun sebut dengan tahun sedih,sedih
baginda raja sali buat dulu,sedih
dengar jawab dari emaknya si lancang loncat girang,senang
aku rasa takut yang luar biasa,takut
gadis itu paling rasa sedih jika ia ada di tempat gelap,sedih
alangkah sedih hati anak itu lihat ayam sayang mati,sedih
ia bahkan menang karena sudah sangat lapar,sedih
